"question","tag"
"নামজারির আবেদন দাখিলের পর শুনানীর জন্য কিভাবে জানবো?","namjari_hearing_notification"
"শুনানীর নোটিশ কিভাবে পাবো?","namjari_hearing_notification"
"নামজারির জন্য মোবাইল করে খোজ নেব কিনা?","namjari_hearing_notification"
"শুনানীর নোটিশের জন্য পোস্ট অফিসে খোঁজ নিতে হবে কি?","namjari_hearing_notification"
"নামজারির আবেদন দাখিলের পর শুনানীর তারিখ কিভাবে জানবো?","namjari_hearing_notification"
"নামজারির আবেদন দাখিলের পর শুনানীর দিন কিভাবে জানবো?","namjari_hearing_notification"
"নামজারির আবেদন দাখিলের পর শুনানীর সময় কিভাবে জানবো?","namjari_hearing_notification"
"নামজারির আবেদন জমা দেওয়ার পর শুনানীর জন্য কিভাবে জানবো?","namjari_hearing_notification"
"নামজারির আবেদন জমা দেওয়ার পর শুনানীর দিনটা কিভাবে জানবো?","namjari_hearing_notification"
"নামজারির আবেদন দেওয়ার পর শুনানীর সময়টা কিভাবে জানবো?","namjari_hearing_notification"
"নামজারির আবেদনের পর শুনানীর তারিখটা কিভাবে জানবো?","namjari_hearing_notification"
"নামজারির আবেদন দাখিলের পর শুনানীর বিষয়ে কিভাবে জানবো?","namjari_hearing_notification"
"নামজারির আবেদন করার পর শুনানীর তারিখ ও সময় কিভাবে জানবো?","namjari_hearing_notification"
"নামজারির আবেদন দাখিলের পর শুনানীর সময়টা কিভাবে জানবো?","namjari_hearing_notification"
"নামজারির আবেদন দাখিলের পর শুনানীর দিনটা কিভাবে জানবো?","namjari_hearing_notification"
"নামজারির আবেদন জমা দেওয়ার পর শুনানীর তারিখটা কিভাবে জানবো?","namjari_hearing_notification"
"নামজারির আবেদন করার পর শুনানীর সময় ও দিন কিভাবে জানবো?","namjari_hearing_notification"
"নামজারির আবেদন দাখিলের পর শুনানীর জন্য আমি কিভাবে জানবো?","namjari_hearing_notification"
"নামজারির আবেদন জমা দেওয়ার পর শুনানীর দিন-সময় কিভাবে জানবো?","namjari_hearing_notification"
"শুনানীর নোটিশটা কিভাবে পাবো?","namjari_hearing_notification"
"শুনানীর নোটিশ কিভাবে হাতে পাবো?","namjari_hearing_notification"
"নামজারির শুনানীর নোটিশ কিভাবে পাবো?","namjari_hearing_notification"
"পোস্ট অফিস থেকে শুনানীর নোটিশ কিভাবে পাবো?","namjari_hearing_notification"
"আবেদন দাখিলের পর শুনানীর নোটিশ কিভাবে পাবো?","namjari_hearing_notification"
"নামজারির আবেদনের পর শুনানীর নোটিশ কিভাবে পাবো?","namjari_hearing_notification"
"শুনানীর নোটিশ পোস্ট অফিস থেকে কিভাবে পাবো?","namjari_hearing_notification"
"শুনানীর নোটিশ কিভাবে পোস্ট অফিস থেকে পাবো?","namjari_hearing_notification"
"নামজারির শুনানীর নোটিশটা কিভাবে পাবো?","namjari_hearing_notification"
"পোস্ট অফিস থেকে নামজারির শুনানীর নোটিশ কিভাবে পাবো?","namjari_hearing_notification"
"শুনানীর নোটিশ আমি কিভাবে পাবো?","namjari_hearing_notification"
"নামজারির জন্য শুনানীর নোটিশ কিভাবে পাবো?","namjari_hearing_notification"
"শুনানীর নোটিশ পোস্ট অফিস থেকে কিভাবে হাতে পাবো?","namjari_hearing_notification"
"শুনানীর নোটিশ কিভাবে পাবো পোস্ট অফিস থেকে?","namjari_hearing_notification"
"শুনানীর নোটিশ কিভাবে পাবো মোবাইল করে?","namjari_hearing_notification"
"নামজারির আবেদন দাখিলের পর শুনানীর নোটিশ কিভাবে পাবো?","namjari_hearing_notification"
"পোস্ট অফিস থেকে নামজারির শুনানীর নোটিশটা কিভাবে পাবো?","namjari_hearing_notification"
"শুনানীর নোটিশটা কিভাবে হাতে পাবো?","namjari_hearing_notification"
"নামজারির শুনানীর নোটিশ কিভাবে পোস্ট অফিস থেকে পাবো?","namjari_hearing_notification"
"পোস্ট অফিস থেকে শুনানীর নোটিশ আমি কিভাবে পাবো?","namjari_hearing_notification"
"নামজারির শুনানীর জন্য মোবাইল করে খোজ নেব কিনা?","namjari_hearing_notification"
"শুনানীর নোটিশের জন্য মোবাইল করে খোজ নেব কিনা?","namjari_hearing_notification"
"শুনানীর সময় জানতে মোবাইল করে খোজ নেব কিনা?","namjari_hearing_notification"
"পোস্ট অফিসের নোটিশের জন্য মোবাইল করে খোজ নেব কিনা?","namjari_hearing_notification"
"নামজারির নোটিশের ব্যাপারে মোবাইল করে খোজ নেব কিনা?","namjari_hearing_notification"
"শুনানীর নোটিশ নিয়ে মোবাইল করে খোঁজ নেব কিনা?","namjari_hearing_notification"
"শুনানীর তারিখ জানার জন্য মোবাইল করে খোজ নেব কিনা?","namjari_hearing_notification"
"শুনানীর দিন জানার জন্য মোবাইল করে খোঁজ নেব কিনা?","namjari_hearing_notification"
"শুনানীর নোটিশ পেতে মোবাইল করে খোজ নেব কিনা?","namjari_hearing_notification"
"নামজারির আবেদনের পর শুনানীর জন্য মোবাইল করে খোজ নেব কিনা?","namjari_hearing_notification"
"শুনানীর নোটিশ সম্পর্কে মোবাইল করে খোঁজ নেব কিনা?","namjari_hearing_notification"
"পোস্ট অফিসে শুনানীর নোটিশের জন্য মোবাইল করে খোজ নেব কিনা?","namjari_hearing_notification"
"শুনানীর নোটিশ হাতে পেতে মোবাইল করে খোজ নেব কিনা?","namjari_hearing_notification"
"নামজারির শুনানীর তারিখের জন্য মোবাইল করে খোজ নেব কিনা?","namjari_hearing_notification"
"শুনানীর নোটিশের অবস্থা জানতে মোবাইল করে খোজ নেব কিনা?","namjari_hearing_notification"
"পোস্ট অফিস থেকে শুনানীর নোটিশের জন্য মোবাইল করে খোজ নেব কিনা?","namjari_hearing_notification"
"শুনানীর নোটিশের জন্য পোস্ট অফিসে খোজ নিতে হবে কি?","namjari_hearing_notification"
"নামজারির শুনানীর নোটিশের জন্য পোস্ট অফিসে খোঁজ নিতে হবে কি?","namjari_hearing_notification"
"পোস্ট অফিসে শুনানীর নোটিশের জন্য খোঁজ নিতে হবে কি?","namjari_hearing_notification"
"শুনানীর নোটিশ পেতে পোস্ট অফিসে খোঁজ নিতে হবে কি?","namjari_hearing_notification"
"নামজারির শুনানীর নোটিশ পেতে পোস্ট অফিসে খোজ নিতে হবে কি?","namjari_hearing_notification"
"শুনানীর নোটিশের ব্যাপারে পোস্ট অফিসে খোঁজ নিতে হবে কি?","namjari_hearing_notification"
"শুনানীর নোটিশ না পেলে পোস্ট অফিসে খোঁজ নিতে হবে কি?","namjari_hearing_notification"
"পোস্ট অফিসে গিয়ে শুনানীর নোটিশের জন্য খোঁজ নিতে হবে কি?","namjari_hearing_notification"
"শুনানীর নোটিশ হাতে পেতে পোস্ট অফিসে খোঁজ নিতে হবে কি?","namjari_hearing_notification"
"পোস্ট অফিসে শুনানীর নোটিশ নিয়ে খোঁজ নিতে হবে কি?","namjari_hearing_notification"
"শুনানীর নোটিশ সম্পর্কে পোস্ট অফিসে খোজ নিতে হবে কি?","namjari_hearing_notification"
"শুনানীর নোটিশের জন্য কি পোস্ট অফিসে খোঁজ নিতে হবে?","namjari_hearing_notification"
"পোস্ট অফিসে শুনানীর নোটিশের খোঁজ নিতে হবে কি?","namjari_hearing_notification"
"শুনানীর নোটিশের জন্য আগে পোস্ট অফিসে খোঁজ নিতে হবে কি?","namjari_hearing_notification"
"নামজারির শুনানীর নোটিশের জন্য পোস্ট অফিসে খোজ নিতে হবে কি না?","namjari_hearing_notification"
"শুনানীর নোটিশের জন্য পোস্ট অফিসে খোঁজ নিতে হবে কি না?","namjari_hearing_notification"
"নামজারি, খারিজ, মিউটেশনর আবেদন দাখিলের পর শুনানীর জন্য কিভাবে জানবো?","namjari_hearing_notification"
"আমি তো নামজারির জন্য আবেদন করছি, এখন শুনানির তারিখ কিভাবে জানবো?","namjari_hearing_notification"
"ভাই, খারিজের পরে শুনানি কবে হবে সেটা কিভাবে জানতে পারি?","namjari_hearing_notification"
"নামজারির আবেদন জমা দেয়ার পর কি ফোনে জানায় কখন শুনানি হবে?","namjari_hearing_notification"
"আমার নামজারির শুনানির সময় জানার কোনো সহজ উপায় আছে?","namjari_hearing_notification"
"শুনানী কবে হবে সেটা কিভাবে জানবো?","namjari_hearing_notification"
"আবেদন করার পর শুনানীর তথ্য কিভাবে পাওয়া যাবে?","namjari_hearing_notification"
"শুনানীর তারিখ সম্পর্কে কিভাবে জানতে পারবো?","namjari_hearing_notification"
"নামজারির শুনানী সম্পর্কিত তথ্য কোথায় পাবো?","namjari_hearing_notification"
"শুনানীর আপডেট কোথা থেকে জানবো?","namjari_hearing_notification"
"নামজারি আবেদন দাখিল হলে ভূমি অফিসে যোগাযোগ করতে হবে কিনা?","namjari_hearing_notification"
"নামজারি, খারিজ, মিউটেশন আবেদন দাখিল হলে ভূমি অফিসে যোগাযোগ করতে হবে কিনা?","namjari_hearing_notification"
"নামজারি আবেদন দেওয়ার পর ভূমি অফিসে যাওয়া লাগে কি?","namjari_hearing_notification"
"নামজারির আবেদন তো দিয়েছি, এখন কি ভূমি অফিসে গিয়ে কিছু করতে হবে?","namjari_hearing_notification"
"খারিজের জন্য অনলাইনে ফর্ম সাবমিট করেছি, এখন কি অফিসে গিয়ে দেখা করতে হবে?","namjari_hearing_notification"
"আবেদন করার পর অফিসে যাওয়া লাগে কি?","namjari_hearing_notification"
"শুধু অনলাইনেই করলে হবে নাকি অফিসেও যেতে হবে?","namjari_hearing_notification"
"ভূমি অফিসে গিয়ে শুনানীর তথ্য নিতে হবে কি?","namjari_hearing_notification"
"আবেদন করার পর অফিসে গিয়ে কি কিছু করতে হয়?","namjari_hearing_notification"
"নামজারির জন্য কি ভূমি অফিসে খোঁজ নিতে হবে?","namjari_hearing_notification"
"ভূমি অফিসে না গেলে শুনানীর নোটিশ পাওয়া যাবে কি?","namjari_hearing_notification"
"নামজারি আবেদন দাখিল হয়েছে, ইউনিয়ন ভূমি অফিসে যাবো কিনা?","namjari_hearing_notification"
"নামজারি, খারিজ, মিউটেশন আবেদন দাখিল হয়েছে, ইউনিয়ন ভূমি অফিসে যাবো কিনা?","namjari_hearing_notification"
"আমি শুনেছি ইউনিয়ন ভূমি অফিসে যেতে হয়, আমার নামজারির আবেদন হয়ে গেছে, এখন যাবো?","namjari_hearing_notification"
"আবেদন জমা দিয়েছি, ইউনিয়ন অফিসে গিয়ে কিছু বলা লাগে?","namjari_hearing_notification"
"ইউনিয়ন ভূমি অফিসে না গেলে কি কিছু হবে না?","namjari_hearing_notification"
"শুধু অনলাইনে করলেই হবে নাকি ইউনিয়ন অফিসেও যাওয়া দরকার?","namjari_hearing_notification"
"আবেদন দেওয়ার পরে ইউনিয়ন অফিসে যোগাযোগ করতে হবে?","namjari_hearing_notification"
"ইউনিয়ন ভূমি অফিসে না গেলে শুনানী হবে না কি?","namjari_hearing_notification"
"ইউনিয়ন অফিসে গিয়ে কি শুনানীর তারিখ জানতে পারবো?","namjari_hearing_notification"
"ইউনিয়ন ভূমি অফিসে গিয়ে শুনানীর জন্য তথ্য নিতে হয়?","namjari_hearing_notification"
"ইউনিয়ন ভূমি অফিসে না গেলে সমস্যা হবে কি?","namjari_hearing_notification"
"নামজারি, খারিজ, মিউটেশনর জন্য মোবাইল করে খোজ নেব কিনা?","namjari_hearing_notification"
"নামজারি প্রসেস চলছে, ফোন দিয়ে খবর নেয়া যাবে?","namjari_hearing_notification"
"খারিজের ব্যাপারে জানতে চাই, মোবাইলে ফোন দিলেই চলবে?","namjari_hearing_notification"
"মোবাইল করে জানলে শুনানির তারিখ জানাবে?","namjari_hearing_notification"
"অফিসে না গিয়ে মোবাইলে জানার উপায় আছে?","namjari_hearing_notification"
"শুনানীর সময় জানার জন্য কি ফোনে খোঁজ নিতে হবে?","namjari_hearing_notification"
"মোবাইল দিয়ে শুনানীর আপডেট জানার উপায় আছে?","namjari_hearing_notification"
"ভূমি অফিসে কি ফোন করে শুনানীর দিন জানানো হয়?","namjari_hearing_notification"
"মোবাইল দিয়ে নামজারির তথ্য পাওয়া যাবে?","namjari_hearing_notification"
"নামজারির বিষয়ে ফোনে যোগাযোগ করবো কি?","namjari_hearing_notification"
"শুনানির খবর কি হাতে হাতে দেয় নাকি মোবাইলে জানায়?","namjari_hearing_notification"
"আমার নামজারির শুনানির নোটিশ কবে আসবে?","namjari_hearing_notification"
"শুনানির তারিখ কোথায় বা কিভাবে জানবো?","namjari_hearing_notification"
"শুনানির চিঠি ডাকপিয়নের মাধ্যমে আসে নাকি?","namjari_hearing_notification"
"শুনানীর নোটিশ কিভাবে পাঠানো হয়?","namjari_hearing_notification"
"শুনানীর তারিখ কি মেসেজে জানানো হয়?","namjari_hearing_notification"
"শুনানীর নোটিশ কি হাতে হাতে আসে?","namjari_hearing_notification"
"শুনানীর চিঠি কি বাড়িতে আসে?","namjari_hearing_notification"
"শুনানীর তথ্য কোথা থেকে পাওয়া যায়?","namjari_hearing_notification"
"শুনানীর নোটিশের জন্য পেস্ট অফিসে খোঁজ নিতে হবে কি?","namjari_hearing_notification"
"শুনানির চিঠি কি পোস্ট অফিসে যাবে?","namjari_hearing_notification"
"পোস্ট অফিসে গিয়েই কি শুনানির নোটিশ নিতে হয়?","namjari_hearing_notification"
"আমি কি আমার এলাকার পোস্ট অফিসে গিয়ে জিজ্ঞেস করবো?","namjari_hearing_notification"
"শুনানির নোটিশ হাতে না পেলে পোস্ট অফিসে খোঁজ নিবো?","namjari_hearing_notification"
"শুনানীর চিঠি পোস্ট অফিসে গিয়ে নিতে হয়?","namjari_hearing_notification"
"শুনানীর নোটিশ ডাকঘর থেকে নিতে হবে কি?","namjari_hearing_notification"
"পোস্ট অফিসে গিয়ে শুনানীর নোটিশ চাইতে হয় কি?","namjari_hearing_notification"
"পোস্ট অফিসে শুনানীর চিঠি আসে কি?","namjari_hearing_notification"
"নামজারির শুনানী নোটিশ পোস্ট অফিস থেকে নিতে হয়?","namjari_hearing_notification"
