"question","tag"
"ওয়ারিশ মতে নাম জারি করতে কিকি কাগজ লাঘে?","namjari_inheritance_documents"
"ওয়ারিশ মতে অন লাইনে নামজারি করা যায় কিনা?","namjari_inheritance_documents"
"আমার বাবা মারা গেছেন, এখন আমাদের নামে নামজারি করতে হবে কি?","namjari_inheritance_documents"
"বন্টননামা নাই নামজারি করা যাবে কি?","namjari_inheritance_documents"
"ওয়ারিশ মতে নাম জারি করতে কিকি কাগজ লাঘে?","namjari_inheritance_documents"
"ওয়ারিশ মতে নামজারি করতে কিকি কাগজ লাঘে?","namjari_inheritance_documents"
"ওয়ারিশ মতে নাম জারি করতে কি কি কাগজ লাঘে?","namjari_inheritance_documents"
"ওয়ারিশ মতে নামজারি করতে কি কি কাগজ লাঘে?","namjari_inheritance_documents"
"ওয়ারিশ মতে নাম জারি করতে কিকি কাগজ লাগে?","namjari_inheritance_documents"
"ওয়ারিশ মতে নামজারি করতে কিকি কাগজ লাগে?","namjari_inheritance_documents"
"ওয়ারিশ মতে নাম জারি করতে কি কি কাগজ লাগে?","namjari_inheritance_documents"
"ওয়ারিশ মতে নামজারি করতে কি কি কাগজ লাগে?","namjari_inheritance_documents"
"ওয়ারিশ মতে অন লাইনে নামজারি করা যায় কিনা?","namjari_inheritance_documents"
"ওয়ারিশ মতে অন লাইনে নাম জারি করা যায় কিনা?","namjari_inheritance_documents"
"ওয়ারিশ মতে অনলাইনে নামজারি করা যায় কিনা?","namjari_inheritance_documents"
"ওয়ারিশ মতে অনলাইনে নাম জারি করা যায় কিনা?","namjari_inheritance_documents"
"ওয়ারিশ মতে অন লাইনে নামজারি করা যায় কি না?","namjari_inheritance_documents"
"ওয়ারিশ মতে অনলাইনে নামজারি করা যায় কি না?","namjari_inheritance_documents"
"ওয়ারিশ মতে অন লাইনে নাম জারি করা যায় কি না?","namjari_inheritance_documents"
"ওয়ারিশ মতে অনলাইনে নাম জারি করা যায় কি না?","namjari_inheritance_documents"
"বন্টননামা নাই নামজারি করা যাবে কি?","namjari_inheritance_documents"
"বন্টননামা নাই নাম জারি করা যাবে কি?","namjari_inheritance_documents"
"বন্টননামা নাই হলে নামজারি করা যাবে কি?","namjari_inheritance_documents"
"বন্টননামা নাই হলে নাম জারি করা যাবে কি?","namjari_inheritance_documents"
"আমার বাবা মারা গেছেন, এখন আমাদের নামে নামজারি করতে হবে কি?","namjari_inheritance_documents"
"আমার বাবা মারা গেছেন, এখন আমাদের নামে নাম জারি করতে হবে কি?","namjari_inheritance_documents"
"আমার বাবা মারা গেছেন, এখন আমার নামে নামজারি করতে হবে কি?","namjari_inheritance_documents"
"আমার বাবা মারা গেছেন, এখন আমার নামে নাম জারি করতে হবে কি?","namjari_inheritance_documents"
"আমার বাবা মারা গেছেন, এখন ওয়ারিশদের নামে নামজারি করতে হবে কি?","namjari_inheritance_documents"
"আমার বাবা মারা গেছেন, এখন ওয়ারিশদের নামে নাম জারি করতে হবে কি?","namjari_inheritance_documents"
"আমার বাবা মারা গেছেন, এখন ওয়ারিশের নামে নামজারি করতে হবে কি?","namjari_inheritance_documents"
"আমার বাবা মারা গেছেন, এখন ওয়ারিশের নামে নাম জারি করতে হবে কি?","namjari_inheritance_documents"
"আমার বাবা মারা গেছেন, এখন সব ওয়ারিশের নামে নামজারি করতে হবে কি?","namjari_inheritance_documents"
"আমার বাবা মারা গেছেন, এখন সব ওয়ারিশের নামে নাম জারি করতে হবে কি?","namjari_inheritance_documents"
"আমার বাবা মারা গেছেন, এখন সব ওয়ারিশদের নামে নামজারি করতে হবে কি?","namjari_inheritance_documents"
"আমার বাবা মারা গেছেন, এখন সব ওয়ারিশদের নামে নাম জারি করতে হবে কি?","namjari_inheritance_documents"
"আমার বাবা মারা গেছেন এখন আমাদের নামে নামজারি করতে হবে কি?","namjari_inheritance_documents"
"আমার বাবা মারা গেছেন এখন আমার নামে নামজারি করতে হবে কি?","namjari_inheritance_documents"
"আমার বাবা মারা গেছেন এখন ওয়ারিশদের নামে নামজারি করতে হবে কি?","namjari_inheritance_documents"
"আমার বাবা মারা গেছেন এখন ওয়ারিশের নামে নামজারি করতে হবে কি?","namjari_inheritance_documents"
"আমার বাবা মারা গেছেন এখন সব ওয়ারিশের নামে নামজারি করতে হবে কি?","namjari_inheritance_documents"
"আমার বাবা মারা গেছেন এখন সব ওয়ারিশদের নামে নামজারি করতে হবে কি?","namjari_inheritance_documents"
"আমার বাবা মারা গেছেন এখন আমাদের নামে নাম জারি করতে হবে কি?","namjari_inheritance_documents"
"আমার বাবা মারা গেছেন এখন আমার নামে নাম জারি করতে হবে কি?","namjari_inheritance_documents"
"আমার বাবা মারা গেছেন এখন ওয়ারিশদের নামে নাম জারি করতে হবে কি?","namjari_inheritance_documents"
"আমার বাবা মারা গেছেন এখন ওয়ারিশের নামে নাম জারি করতে হবে কি?","namjari_inheritance_documents"
"আমার বাবা মারা গেছেন এখন সব ওয়ারিশের নামে নাম জারি করতে হবে কি?","namjari_inheritance_documents"
"আমাদের বাবা মারা গেছেন, এখন আমাদের নামে নামজারি করতে হবে কি?","namjari_inheritance_documents"
"আমাদের বাবা মারা গেছেন, এখন আমাদের নামে নাম জারি করতে হবে কি?","namjari_inheritance_documents"
"আমাদের বাবা মারা গেছেন, এখন আমার নামে নামজারি করতে হবে কি?","namjari_inheritance_documents"
"আমাদের বাবা মারা গেছেন, এখন আমার নামে নাম জারি করতে হবে কি?","namjari_inheritance_documents"
"আমাদের বাবা মারা গেছেন, এখন ওয়ারিশদের নামে নামজারি করতে হবে কি?","namjari_inheritance_documents"
"আমাদের বাবা মারা গেছেন, এখন ওয়ারিশদের নামে নাম জারি করতে হবে কি?","namjari_inheritance_documents"
"আমাদের বাবা মারা গেছেন, এখন ওয়ারিশের নামে নামজারি করতে হবে কি?","namjari_inheritance_documents"
"আমাদের বাবা মারা গেছেন, এখন ওয়ারিশের নামে নাম জারি করতে হবে কি?","namjari_inheritance_documents"
"আমাদের বাবা মারা গেছেন, এখন সব ওয়ারিশের নামে নামজারি করতে হবে কি?","namjari_inheritance_documents"
"আমাদের বাবা মারা গেছেন, এখন সব ওয়ারিশের নামে নাম জারি করতে হবে কি?","namjari_inheritance_documents"
"আমাদের বাবা মারা গেছেন, এখন সব ওয়ারিশদের নামে নামজারি করতে হবে কি?","namjari_inheritance_documents"
"আমাদের বাবা মারা গেছেন, এখন সব ওয়ারিশদের নামে নাম জারি করতে হবে কি?","namjari_inheritance_documents"
"আমাদের বাবা মারা গেছেন এখন আমাদের নামে নামজারি করতে হবে কি?","namjari_inheritance_documents"
"আমাদের বাবা মারা গেছেন এখন আমার নামে নামজারি করতে হবে কি?","namjari_inheritance_documents"
"আমাদের বাবা মারা গেছেন এখন ওয়ারিশদের নামে নামজারি করতে হবে কি?","namjari_inheritance_documents"
"আমাদের বাবা মারা গেছেন এখন ওয়ারিশের নামে নামজারি করতে হবে কি?","namjari_inheritance_documents"
"আমাদের বাবা মারা গেছেন এখন সব ওয়ারিশের নামে নামজারি করতে হবে কি?","namjari_inheritance_documents"
"আমাদের বাবা মারা গেছেন এখন সব ওয়ারিশদের নামে নামজারি করতে হবে কি?","namjari_inheritance_documents"
"আমাদের বাবা মারা গেছেন এখন আমাদের নামে নাম জারি করতে হবে কি?","namjari_inheritance_documents"
"আমাদের বাবা মারা গেছেন এখন আমার নামে নাম জারি করতে হবে কি?","namjari_inheritance_documents"
"আমাদের বাবা মারা গেছেন এখন ওয়ারিশদের নামে নাম জারি করতে হবে কি?","namjari_inheritance_documents"
"আমাদের বাবা মারা গেছেন এখন ওয়ারিশের নামে নাম জারি করতে হবে কি?","namjari_inheritance_documents"
"আমাদের বাবা মারা গেছেন এখন সব ওয়ারিশের নামে নাম জারি করতে হবে কি?","namjari_inheritance_documents"
"আমার বাবা মারা গেছেন, এখন ওয়ারিশ মতে নামজারি করতে হবে কি?","namjari_inheritance_documents"
